<?xml version="1.0" encoding="utf-8"?>
<SystemProperties>
  <SystemName>Controller1</SystemName>
  <SerialNo>VIRTUAL_USE</SerialNo>
  <UsedMedia>
    <Media path="C:\Users\Ravibhatta\AppData\Local\ABB\RobotWare\RobotWare_6.11.1005" name="RobotWare" version="6.11.1005">
    </Media>
  </UsedMedia>
  <ControlModule>
    <Option descr="RobotWare Base">
    </Option>
    <Option descr="English">
    </Option>
  </ControlModule>
  <DriveModule>
    <Name>Robot1</Name>
    <Option descr="Drive System IRB 2600/390/4400/6400R">
    </Option>
    <Option descr="ADU-790A in position X3">
    </Option>
    <Option descr="ADU-790A in position Y3">
    </Option>
    <Option descr="ADU-790A in position Z3">
    </Option>
    <Option descr="IRB 2600-12/1.65 Type C">
    </Option>
    <Option descr="Axis Calibration">
    </Option>
  </DriveModule>
</SystemProperties>