<?xml version='1.0' encoding='UTF-8'?>
<system creation-date="2020-09-27 00:13:40.871000" desc="" enable="False" id="F8F97ECE-30EC-4DB5-A319-16C284B83C10" last-modified-date="" name="Controller1"><applications><application name="RobotWare" version="6.11.1005"><settings><system-xml path="C:\Users\Ravibhatta\Documents\RobotStudio\Virtual Controllers\Controller1\system.xml" /><key-id path="C:\Users\Ravibhatta\Documents\RobotStudio\Virtual Controllers\Controller1\INTERNAL\key.id" /><setting-file path="C:\Users\Ravibhatta\Documents\RobotStudio\Virtual Controllers\Controller1\INTERNAL\controller.rsf" /></settings></application></applications></system>