<?xml version="1.0" encoding="iso-8859-1"?>
<Version>
  <Major>6</Major>
  <Minor>11</Minor>
  <Build>1005</Build>
  <Revision>01</Revision>
  <SubRevision>00</SubRevision>
  <BuildTag></BuildTag>
  <VersionName>6.11.01.00</VersionName>
  <RobAPICompatibilityRevision>0</RobAPICompatibilityRevision>
  <Title>RobotWare</Title>
  <Type>RobotWare</Type>
  <Description>Controller Software</Description>
  <Date>2020-06-18</Date>
  <MCTimeStamp>#16:30:07/Jun 18 2020#</MCTimeStamp>
</Version>